site,hyphaeon_lrt,p_value,q_value,is_invariable
1,0.0,1.0,1.0,True
2,1.5262149572372437,0.10834070295095444,0.6815269589424133,False
3,0.0,1.0,1.0,True
4,1.1491907835006714,0.14185930788516998,0.6815269589424133,False
5,1.3978595733642578,0.11854113638401031,0.6815269589424133,False
6,0.5262300372123718,0.23409807682037354,0.6815269589424133,False
7,0.7239372134208679,0.19742773473262787,0.6815269589424133,False
8,0.0,1.0,1.0,True
9,0.530097484588623,0.2332829385995865,0.6815269589424133,False
10,0.9806357026100159,0.16102094948291779,0.6815269589424133,False
11,0.0,1.0,1.0,True
12,0.0,1.0,1.0,True
13,0.8046844005584717,0.18484824895858765,0.6815269589424133,False
14,0.0,1.0,1.0,True
15,0.0,1.0,1.0,True
16,0.5960665345191956,0.22004137933254242,0.6815269589424133,False
17,0.4995957314968109,0.23983889818191528,0.6815269589424133,False
18,0.39586523175239563,0.2646161913871765,0.6815269589424133,False
19,0.0,1.0,1.0,True
20,0.6873137354850769,0.20353978872299194,0.6815269589424133,False
21,0.0,1.0,1.0,True
22,2.334412097930908,0.06327138096094131,0.6815269589424133,False
23,1.0820523500442505,0.14911943674087524,0.6815269589424133,False
24,0.30901575088500977,0.2891424000263214,0.6815269589424133,False
25,0.0,1.0,1.0,True
26,0.8379672765731812,0.17998938262462616,0.6815269589424133,False
27,2.8222668170928955,0.04648251459002495,0.6815269589424133,False
28,2.2457828521728516,0.06698954105377197,0.6815269589424133,False
29,0.0,1.0,1.0,True
30,0.9433043599128723,0.16571474075317383,0.6815269589424133,False
31,1.8645098209381104,0.08605260401964188,0.6815269589424133,False
32,0.0,1.0,1.0,True
33,0.27103298902511597,0.30131983757019043,0.6815269589424133,False
34,0.19380198419094086,0.32988545298576355,0.7017562985420227,False
35,2.5285756587982178,0.05590054765343666,0.6815269589424133,False
36,0.0,1.0,1.0,True
37,0.0,1.0,1.0,True
38,1.1261614561080933,0.144297793507576,0.6815269589424133,False
39,0.0,1.0,1.0,True
40,0.0,1.0,1.0,True
41,0.0,1.0,1.0,True
42,0.0,1.0,1.0,True
43,2.157576322555542,0.07093415409326553,0.6815269589424133,False
44,0.0,1.0,1.0,True
45,0.0,1.0,1.0,True
46,0.0,1.0,1.0,True
47,0.0,1.0,1.0,True
48,0.0,1.0,1.0,True
49,0.0,1.0,1.0,True
50,0.0,1.0,1.0,True
51,0.0,1.0,1.0,True
52,0.4574444890022278,0.24941036105155945,0.6815269589424133,False
53,0.9704639911651611,0.16228224337100983,0.6815269589424133,False
54,0.3757305443286896,0.2699485421180725,0.6815269589424133,False
55,0.2105766236782074,0.3231579065322876,0.7001754641532898,False
56,2.9685845375061035,0.04244805499911308,0.6815269589424133,False
57,0.3337557911872864,0.28172793984413147,0.6815269589424133,False
58,0.1572946459054947,0.3458297848701477,0.7225372195243835,False
59,0.0,1.0,1.0,True
60,0.0,1.0,1.0,True
61,0.0,1.0,1.0,True
62,0.0,1.0,1.0,True
63,0.5607661008834839,0.22697587311267853,0.6815269589424133,False
64,0.0,1.0,1.0,True
65,0.0,1.0,1.0,True
66,0.0,1.0,1.0,True
67,0.0,1.0,1.0,True
68,0.0,1.0,1.0,True
69,0.050768740475177765,0.4108654856681824,0.7967612743377686,False
70,0.0,1.0,1.0,True
71,0.0,1.0,1.0,True
72,0.0,1.0,1.0,True
73,0.0,1.0,1.0,True
74,0.2018745243549347,0.32660600543022156,0.7017562985420227,False
75,0.0,1.0,1.0,True
76,0.0,1.0,1.0,True
77,0.0,1.0,1.0,True
78,0.0,1.0,1.0,True
79,0.0,1.0,1.0,True
80,0.0,1.0,1.0,True
81,0.0,1.0,1.0,True
82,0.0,1.0,1.0,True
83,0.0,1.0,1.0,True
84,0.0,1.0,1.0,True
85,0.0,1.0,1.0,True
86,0.0,1.0,1.0,True
87,0.0,1.0,1.0,True
88,1.764112114906311,0.09205621480941772,0.6815269589424133,False
89,1.0292404890060425,0.1551685631275177,0.6815269589424133,False
90,0.0,1.0,1.0,True
91,0.9634885787963867,0.1631547510623932,0.6815269589424133,False
92,0.0,1.0,1.0,True
93,0.0,1.0,1.0,True
94,0.6263810396194458,0.21434293687343597,0.6815269589424133,False
95,0.23339402675628662,0.3145092725753784,0.694870114326477,False
96,0.0,1.0,1.0,True
97,0.12305519729852676,0.36287209391593933,0.7385582327842712,False
98,0.2782268226146698,0.29893288016319275,0.6815269589424133,False
99,0.5144785642623901,0.2366032600402832,0.6815269589424133,False
100,0.0,1.0,1.0,True
101,1.7942181825637817,0.09020653367042542,0.6815269589424133,False
102,0.11037767678499222,0.3698572814464569,0.7460914254188538,False
103,0.0,1.0,1.0,True
104,0.0,1.0,1.0,True
105,2.4545211791992188,0.058593448251485825,0.6815269589424133,False
106,0.0,1.0,1.0,True
107,0.0,1.0,1.0,True
108,0.6386466026306152,0.21210065484046936,0.6815269589424133,False
109,0.7582150101661682,0.19194385409355164,0.6815269589424133,False
110,0.0,1.0,1.0,True
111,0.0,1.0,1.0,True
112,2.1882593631744385,0.06953319907188416,0.6815269589424133,False
113,0.0,1.0,1.0,True
114,0.9583873152732849,0.16379676759243011,0.6815269589424133,False
115,0.26633375883102417,0.30290088057518005,0.6815269589424133,False
116,1.125261902809143,0.1443941295146942,0.6815269589424133,False
117,0.8182608485221863,0.18284457921981812,0.6815269589424133,False
118,1.9488698244094849,0.08135434240102768,0.6815269589424133,False
119,2.026057004928589,0.07731065154075623,0.6815269589424133,False
120,1.443375587463379,0.11479693651199341,0.6815269589424133,False
121,0.3133310377597809,0.2878216505050659,0.6815269589424133,False
122,0.5090951919555664,0.23776540160179138,0.6815269589424133,False
123,1.9294933080673218,0.08240694552659988,0.6815269589424133,False
124,0.07466387748718262,0.39233171939849854,0.7725550532341003,False
125,0.5659806728363037,0.22593025863170624,0.6815269589424133,False
126,0.18045687675476074,0.33549046516418457,0.7093804478645325,False
127,0.48263826966285706,0.24361485242843628,0.6815269589424133,False
128,0.3591219186782837,0.2744971513748169,0.6815269589424133,False
129,1.7161130905151367,0.09509707242250443,0.6815269589424133,False
130,1.1329787969589233,0.1435704231262207,0.6815269589424133,False
131,0.0,1.0,1.0,True
132,0.32632339000701904,0.28391602635383606,0.6815269589424133,False
133,1.8076251745224,0.08939668536186218,0.6815269589424133,False
134,0.08913000673055649,0.38264304399490356,0.7631120085716248,False
135,0.0,1.0,1.0,True
136,0.0,1.0,1.0,True
137,0.27975761890411377,0.29843005537986755,0.6815269589424133,False
138,0.0,1.0,1.0,True
139,1.3527185916900635,0.12240170687437057,0.6815269589424133,False
140,0.0,1.0,1.0,True
141,5.023773670196533,0.01250081229954958,0.6815269589424133,False
142,1.304652452468872,0.1266825795173645,0.6815269589424133,False
143,1.0835164785385132,0.14895612001419067,0.6815269589424133,False
144,0.9314062595367432,0.1672488898038864,0.6815269589424133,False
145,0.323442280292511,0.2847731411457062,0.6815269589424133,False
146,3.427405834197998,0.0320613756775856,0.6815269589424133,False
147,0.4429302215576172,0.2528557777404785,0.6815269589424133,False
148,2.0895473957061768,0.07415500283241272,0.6815269589424133,False
149,0.4384576976299286,0.2539339065551758,0.6815269589424133,False
150,2.149380683898926,0.07131370902061462,0.6815269589424133,False
151,0.0,1.0,1.0,True
152,0.0,1.0,1.0,True
153,0.0,1.0,1.0,True
154,0.0,1.0,1.0,True
155,0.0,1.0,1.0,True
156,0.0,1.0,1.0,True
157,0.0,1.0,1.0,True
158,0.0,1.0,1.0,True
159,0.0,1.0,1.0,True
160,0.0,1.0,1.0,True
161,0.4433652460575104,0.25275132060050964,0.6815269589424133,False
162,0.0,1.0,1.0,True
163,0.1973147988319397,0.3284485340118408,0.7017562985420227,False
164,1.0841795206069946,0.14888222515583038,0.6815269589424133,False
165,3.221543550491333,0.036337535828351974,0.6815269589424133,False
166,0.0,1.0,1.0,True
167,0.5880493521690369,0.22158721089363098,0.6815269589424133,False
168,0.0,1.0,1.0,True
169,0.12415008991956711,0.36228811740875244,0.7385582327842712,False
170,0.0,1.0,1.0,True
171,0.0,1.0,1.0,True
172,0.4024277627468109,0.2629190683364868,0.6815269589424133,False
173,1.3336832523345947,0.1240755096077919,0.6815269589424133,False
174,0.0,1.0,1.0,True
175,0.0,1.0,1.0,True
176,0.3186635971069336,0.2862059473991394,0.6815269589424133,False
177,1.0330119132995605,0.15472614765167236,0.6815269589424133,False
178,0.0,1.0,1.0,True
179,1.509535789489746,0.10960496962070465,0.6815269589424133,False
180,1.159852385520935,0.14074808359146118,0.6815269589424133,False
181,0.0,1.0,1.0,True
182,0.6535075306892395,0.20943070948123932,0.6815269589424133,False
183,0.0,1.0,1.0,True
184,0.0,1.0,1.0,True
185,1.0994116067886353,0.1471976339817047,0.6815269589424133,False
186,0.12092123925685883,0.3640187382698059,0.7385582327842712,False
187,0.0,1.0,1.0,True
188,0.0,1.0,1.0,True
189,0.0,1.0,1.0,True
190,0.0,1.0,1.0,True
191,0.5050026178359985,0.23865510523319244,0.6815269589424133,False
192,0.0,1.0,1.0,True
193,0.0,1.0,1.0,True
194,0.0,1.0,1.0,True
195,0.0,1.0,1.0,True
196,0.0,1.0,1.0,True
197,0.0,1.0,1.0,True
198,0.4868848919868469,0.24266009032726288,0.6815269589424133,False
199,0.8022074103355408,0.18521709740161896,0.6815269589424133,False
200,0.0,1.0,1.0,True
201,0.0,1.0,1.0,True
202,0.6637406945228577,0.20762121677398682,0.6815269589424133,False
203,0.3443625867366791,0.2786608934402466,0.6815269589424133,False
204,0.0,1.0,1.0,True
205,0.0,1.0,1.0,True
206,0.2867075502872467,0.29616910219192505,0.6815269589424133,False
207,0.0,1.0,1.0,True
208,0.5029955506324768,0.23909342288970947,0.6815269589424133,False
209,0.0,1.0,1.0,True
210,0.0,1.0,1.0,True
211,0.0,1.0,1.0,True
212,0.0,1.0,1.0,True
213,0.0,1.0,1.0,True
214,0.0,1.0,1.0,True
215,0.3969263434410095,0.26434046030044556,0.6815269589424133,False
216,0.0,1.0,1.0,True
217,0.701019287109375,0.20122070610523224,0.6815269589424133,False
218,0.0,1.0,1.0,True
219,0.0,1.0,1.0,True
220,0.38660988211631775,0.26704341173171997,0.6815269589424133,False
221,3.4648232460021973,0.031343601644039154,0.6815269589424133,False
222,1.6185617446899414,0.10164622217416763,0.6815269589424133,False
223,0.4237605333328247,0.2575332820415497,0.6815269589424133,False
224,0.7658334374427795,0.19075454771518707,0.6815269589424133,False
225,0.5576305985450745,0.22760824859142303,0.6815269589424133,False
226,1.677716851234436,0.09761404991149902,0.6815269589424133,False
227,1.1807538270950317,0.13860128819942474,0.6815269589424133,False
228,1.776157021522522,0.09131096303462982,0.6815269589424133,False
229,0.07893357425928116,0.38937392830848694,0.7721483111381531,False
230,0.0,1.0,1.0,True
231,0.0,1.0,1.0,True
232,0.5874365568161011,0.22170604765415192,0.6815269589424133,False
233,0.0,1.0,1.0,True
234,0.0,1.0,1.0,True
235,0.0,1.0,1.0,True
236,0.0,1.0,1.0,True
237,0.0,1.0,1.0,True
238,0.0,1.0,1.0,True
239,0.0,1.0,1.0,True
240,0.0,1.0,1.0,True
241,0.0,1.0,1.0,True
242,0.09084947407245636,0.38154998421669006,0.7631120085716248,False
243,0.0,1.0,1.0,True
244,0.0,1.0,1.0,True
245,0.0,1.0,1.0,True
246,0.31217458844184875,0.28817442059516907,0.6815269589424133,False
247,0.24329553544521332,0.3109179735183716,0.694870114326477,False
248,2.0473451614379883,0.07623593509197235,0.6815269589424133,False
249,0.5435806512832642,0.2304762899875641,0.6815269589424133,False
250,1.3784350156784058,0.12018395215272903,0.6815269589424133,False
251,0.06994912028312683,0.3957054316997528,0.7725550532341003,False
252,1.3161486387252808,0.12564221024513245,0.6815269589424133,False
253,0.0,1.0,1.0,True
254,0.2962685227394104,0.29311561584472656,0.6815269589424133,False
255,0.0,1.0,1.0,True
256,0.0,1.0,1.0,True
257,0.4531088173389435,0.2504311501979828,0.6815269589424133,False
258,0.0,1.0,1.0,True
259,0.0,1.0,1.0,True
260,1.011434555053711,0.15727970004081726,0.6815269589424133,False
261,0.0,1.0,1.0,True
262,0.0,1.0,1.0,True
263,0.0,1.0,1.0,True
264,1.5531234741210938,0.10633746534585953,0.6815269589424133,False
265,0.0,1.0,1.0,True
266,0.0,1.0,1.0,True
267,1.9544492959976196,0.08105409890413284,0.6815269589424133,False
268,3.3952903747558594,0.03269142657518387,0.6815269589424133,False
269,0.0,1.0,1.0,True
270,0.71842360496521,0.19833074510097504,0.6815269589424133,False
271,1.362567663192749,0.12154649198055267,0.6815269589424133,False
272,0.0,1.0,1.0,True
273,5.610524654388428,0.008926458656787872,0.6815269589424133,False
274,0.2807292342185974,0.29811182618141174,0.6815269589424133,False
275,0.02675086259841919,0.4350399971008301,0.839005708694458,False
276,0.0,1.0,1.0,True
277,0.2223815619945526,0.3186156153678894,0.6989629864692688,False
278,0.4460272789001465,0.25211378931999207,0.6815269589424133,False
279,0.0,1.0,1.0,True
280,0.0,1.0,1.0,True
281,1.4173599481582642,0.11691921949386597,0.6815269589424133,False
282,0.06929626315832138,0.3961820900440216,0.7725550532341003,False
283,0.16380824148654938,0.3428371548652649,0.720573902130127,False
284,0.21606603264808655,0.3210269510746002,0.6998786330223083,False
285,0.2326844483613968,0.3147702217102051,0.694870114326477,False
286,0.5379092693328857,0.231650248169899,0.6815269589424133,False
287,0.0,1.0,1.0,True
288,0.9240397214889526,0.1682082563638687,0.6815269589424133,False
289,0.1441153883934021,0.3521117866039276,0.7313091158866882,False
290,0.0,1.0,1.0,True
291,0.0,1.0,1.0,True
292,1.127050757408142,0.14420264959335327,0.6815269589424133,False
293,0.5404300689697266,0.2311272770166397,0.6815269589424133,False
294,0.0,1.0,1.0,True
295,0.0,1.0,1.0,True
296,1.8195407390594482,0.08868397772312164,0.6815269589424133,False
297,0.41751718521118164,0.25908926129341125,0.6815269589424133,False
298,0.0,1.0,1.0,True
299,0.44116654992103577,0.25327998399734497,0.6815269589424133,False
300,3.897759199142456,0.024175278842449188,0.6815269589424133,False
301,0.13199767470359802,0.3581848442554474,0.7385582327842712,False
302,0.27108070254325867,0.3013038635253906,0.6815269589424133,False
303,0.0,1.0,1.0,True
304,0.0,1.0,1.0,True
305,0.0,1.0,1.0,True
306,0.0,1.0,1.0,True
307,0.0,1.0,1.0,True
308,0.0,1.0,1.0,True
309,0.0,1.0,1.0,True
310,0.0,1.0,1.0,True
311,0.0,1.0,1.0,True
312,1.2697361707687378,0.12990808486938477,0.6815269589424133,False
313,0.3507564961910248,0.2768425941467285,0.6815269589424133,False
314,0.5756106972694397,0.22401897609233856,0.6815269589424133,False
315,0.0,1.0,1.0,True
316,0.0,1.0,1.0,True
317,3.1900229454040527,0.03704448416829109,0.6815269589424133,False
318,0.9498473405838013,0.16487908363342285,0.6815269589424133,False
319,0.6627963781356812,0.20778723061084747,0.6815269589424133,False
320,1.657546043395996,0.09896749258041382,0.6815269589424133,False
321,0.0,1.0,1.0,True
322,2.234273672103882,0.06749001890420914,0.6815269589424133,False
323,0.6590502858161926,0.20844770967960358,0.6815269589424133,False
324,0.0,1.0,1.0,True
325,0.0,1.0,1.0,True
326,1.6754475831985474,0.0977652296423912,0.6815269589424133,False
327,1.4943398237228394,0.11077216267585754,0.6815269589424133,False
328,0.0,1.0,1.0,True
329,5.488650798797607,0.00957015436142683,0.6815269589424133,False
330,0.9612270593643188,0.16343896090984344,0.6815269589424133,False
331,1.813126564025879,0.08906681090593338,0.6815269589424133,False
332,5.340847969055176,0.010415668599307537,0.6815269589424133,False
333,0.38361021876335144,0.267838716506958,0.6815269589424133,False
334,4.9847846031188965,0.012785583734512329,0.6815269589424133,False
335,1.2189085483551025,0.13478748500347137,0.6815269589424133,False
336,0.0,1.0,1.0,True
337,0.49986395239830017,0.23977994918823242,0.6815269589424133,False
338,0.7150042057037354,0.19889375567436218,0.6815269589424133,False
339,0.8522294163703918,0.17796120047569275,0.6815269589424133,False
340,3.6901228427886963,0.027367793023586273,0.6815269589424133,False
341,0.29334408044815063,0.2940427362918854,0.6815269589424133,False
342,0.0,1.0,1.0,True
343,2.502164363861084,0.05684497952461243,0.6815269589424133,False
344,0.0,1.0,1.0,True
345,0.0,1.0,1.0,True
346,2.1312055587768555,0.07216360419988632,0.6815269589424133,False
347,1.1408506631851196,0.14273633062839508,0.6815269589424133,False
348,0.0,1.0,1.0,True
349,1.0166199207305908,0.15666106343269348,0.6815269589424133,False
350,0.44588515162467957,0.25214776396751404,0.6815269589424133,False
351,1.2952549457550049,0.12754088640213013,0.6815269589424133,False
