codon_site,ref_codon,ref_aa,is_variable,predicted_log_lrt,predicted_lrt,local_z_score,local_percentile,selection_call
1,CTG,L,1,2.27874,8.76433,1.0659,85.71,Tier 1 (High)
2,ACT,T,1,0.54283,0.72087,-0.7414,22.45,Neutral
3,CCT,P,1,2.16063,7.67663,0.8215,83.67,Tier 1 (High)
4,GAG,E,1,0.74032,1.0966,-0.657,36.73,Neutral
5,GAG,E,0,0.63996,0.89641,0.0,0.0,Neutral
6,AAG,K,0,0.85795,1.35831,0.0,0.0,Neutral
7,TCT,S,1,0.66842,0.95115,-0.6897,32.65,Neutral
8,GCC,A,1,1.42838,3.17193,-0.1907,62.24,Tier 2 (Medium)
9,GTT,V,1,0.61653,0.8525,-0.7118,29.59,Neutral
10,ACT,T,1,1.62748,4.09103,0.0159,69.39,Tier 1 (High)
11,GCC,A,1,0.62055,0.85995,-0.7102,30.61,Neutral
12,CTG,L,1,1.93786,5.94386,0.4322,76.53,Tier 1 (High)
13,TGG,W,0,2.77668,15.06561,0.0,0.0,Neutral
14,GGC,G,1,1.26642,2.54813,-0.3308,56.12,Neutral
15,AAG,K,0,0.76274,1.14414,0.0,0.0,Neutral
16,GTG,V,0,0.47135,0.60216,0.0,0.0,Neutral
17,AAC,N,1,1.11956,2.06351,-0.4397,45.92,Neutral
18,GTG,V,1,0.40011,0.49198,-0.7928,11.22,Neutral
19,GAT,D,1,1.21442,2.36833,-0.3712,55.1,Neutral
20,GAA,E,1,0.97336,1.64683,-0.5333,40.82,Neutral
21,GTT,V,1,2.11002,7.2484,0.7253,81.63,Tier 1 (High)
22,GGT,G,0,0.50293,0.65356,0.0,0.0,Neutral
23,GGT,G,1,2.07923,6.99827,0.6691,80.61,Tier 1 (High)
24,GAG,E,1,0.35351,0.42405,-0.8081,2.04,Neutral
25,GCC,A,1,0.40095,0.49325,-0.7925,13.27,Neutral
26,CTG,L,0,0.36269,0.43719,0.0,0.0,Neutral
27,GGC,G,1,2.14454,7.5381,0.7904,82.65,Tier 1 (High)
28,AGG,R,0,0.58561,0.79609,0.0,0.0,Neutral
29,CTG,L,1,0.37573,0.45605,-0.8009,9.18,Neutral
30,CTG,L,0,0.36574,0.44158,0.0,0.0,Neutral
31,GTG,V,1,1.92629,5.86403,0.4142,75.51,Tier 1 (High)
32,GTC,V,0,0.43445,0.54411,0.0,0.0,Neutral
33,TAC,Y,0,0.36676,0.44306,0.0,0.0,Neutral
34,CCT,P,0,0.37576,0.4561,0.0,0.0,Neutral
35,TGG,W,0,0.81478,1.25869,0.0,0.0,Neutral
36,ACC,T,0,0.43667,0.54754,0.0,0.0,Neutral
37,CAG,Q,1,1.13616,2.11479,-0.4282,46.94,Neutral
38,AGG,R,0,0.58722,0.79898,0.0,0.0,Neutral
39,TTC,F,1,0.35417,0.425,-0.8079,3.06,Neutral
40,TTT,F,0,0.35574,0.42724,0.0,0.0,Neutral
41,GAG,E,1,2.31728,9.14801,1.1521,86.73,Tier 1 (High)
42,TCC,S,1,1.50679,3.51221,-0.1142,65.31,Tier 2 (Medium)
43,TTT,F,0,0.35344,0.42396,0.0,0.0,Neutral
44,GGG,G,0,0.69802,1.00976,0.0,0.0,Neutral
45,GAT,D,1,0.59643,0.81563,-0.7201,27.55,Neutral
46,CTG,L,0,0.36595,0.44188,0.0,0.0,Neutral
47,TCC,S,0,0.46179,0.58691,0.0,0.0,Neutral
48,ACT,T,1,1.57518,3.83161,-0.0424,66.33,Tier 2 (Medium)
49,CCT,P,1,0.56265,0.75531,-0.7337,24.49,Neutral
50,GAT,D,1,1.19552,2.30529,-0.3854,53.06,Neutral
51,GCT,A,0,0.40817,0.50406,0.0,0.0,Neutral
52,GTT,V,1,1.97714,6.22207,0.4947,78.57,Tier 1 (High)
53,ATG,M,1,1.44132,3.22627,-0.1785,63.27,Tier 2 (Medium)
54,GGC,G,1,1.82672,5.21347,0.2681,74.49,Tier 1 (High)
55,AAC,N,0,0.34444,0.4112,0.0,0.0,Neutral
56,CCT,P,1,0.43425,0.5438,-0.7812,15.31,Neutral
57,AAG,K,1,1.28823,2.62636,-0.3132,57.14,Neutral
58,GTG,V,0,0.46503,0.59206,0.0,0.0,Neutral
59,AAG,K,1,1.02957,1.79986,-0.499,42.86,Neutral
60,GCT,A,0,0.39547,0.48508,0.0,0.0,Neutral
61,CAT,H,0,0.38196,0.46516,0.0,0.0,Neutral
62,GGC,G,0,0.62377,0.86596,0.0,0.0,Neutral
63,AAG,K,1,2.44829,10.56851,1.4713,88.78,Tier 1 (High)
64,AAA,K,0,0.67487,0.96378,0.0,0.0,Neutral
65,GTG,V,0,0.42841,0.53482,0.0,0.0,Neutral
66,CTC,L,1,0.38058,0.46313,-0.7993,10.2,Neutral
67,GGT,G,1,1.60342,3.97002,-0.0113,68.37,Tier 1 (High)
68,GCC,A,1,0.70992,1.03382,-0.6711,35.71,Neutral
69,TTT,F,1,1.38907,3.01113,-0.2268,60.2,Tier 2 (Medium)
70,AGT,S,1,1.70352,4.49323,0.1062,72.45,Tier 1 (High)
71,GAT,D,1,2.81259,15.65304,2.6138,98.98,Tier 1 (High)
72,GGC,G,1,1.4555,3.28662,-0.1649,64.29,Tier 2 (Medium)
73,CTG,L,1,1.01374,1.75588,-0.5088,41.84,Neutral
74,GCT,A,1,2.7612,14.81889,2.4264,93.88,Tier 1 (High)
75,CAC,H,1,0.37205,0.45071,-0.8021,7.14,Neutral
76,CTG,L,1,0.91045,1.48544,-0.5696,39.8,Neutral
77,GAC,D,0,0.32514,0.38422,0.0,0.0,Neutral
78,AAC,N,1,2.93141,17.75409,3.0859,100.0,Tier 1 (High)
79,CTC,L,1,0.37271,0.45167,-0.8019,8.16,Neutral
80,AAG,K,0,0.85117,1.34239,0.0,0.0,Neutral
81,GGC,G,1,1.63185,4.11333,0.0209,70.41,Tier 1 (High)
82,ACC,T,1,0.45278,0.57267,-0.7747,16.33,Neutral
83,TTT,F,1,0.36446,0.43974,-0.8046,4.08,Neutral
84,GCC,A,1,1.39862,3.04959,-0.2181,61.22,Tier 2 (Medium)
85,ACA,T,1,2.23145,8.31341,0.9646,84.69,Tier 1 (High)
86,CTG,L,0,0.36584,0.44173,0.0,0.0,Neutral
87,AGT,S,1,0.69767,1.00907,-0.6766,33.67,Neutral
88,GAG,E,1,0.83914,1.31437,-0.608,37.76,Neutral
89,CTG,L,1,0.58733,0.79918,-0.7238,26.53,Neutral
90,CAC,H,0,0.36948,0.44697,0.0,0.0,Neutral
91,TGT,C,1,0.46502,0.59205,-0.7703,17.35,Neutral
92,GAC,D,1,1.94349,5.98307,0.441,77.55,Tier 1 (High)
93,AAG,K,1,1.29912,2.66608,-0.3043,58.16,Neutral
94,CTG,L,0,0.37024,0.44809,0.0,0.0,Neutral
95,CAC,H,1,0.36889,0.44612,-0.8031,6.12,Neutral
96,GTG,V,0,0.60485,0.83098,0.0,0.0,Neutral
97,GAT,D,0,0.33068,0.39191,0.0,0.0,Neutral
98,CCT,P,0,0.37572,0.45604,0.0,0.0,Neutral
99,GAG,E,0,0.32197,0.37984,0.0,0.0,Neutral
100,AAC,N,0,0.329,0.38957,0.0,0.0,Neutral
101,TTC,F,0,0.3496,0.4185,0.0,0.0,Neutral
102,AGG,R,1,0.64129,0.89894,-0.7014,31.63,Neutral
103,CTC,L,1,1.0702,1.91596,-0.4729,43.88,Neutral
104,CTG,L,1,1.99267,6.33511,0.5201,79.59,Tier 1 (High)
105,GGC,G,1,1.14463,2.14127,-0.4222,47.96,Neutral
106,AAC,N,1,0.40019,0.49211,-0.7928,12.24,Neutral
107,GTG,V,1,2.32415,9.21798,1.1679,87.76,Tier 1 (High)
108,CTG,L,1,0.50825,0.66237,-0.7545,18.37,Neutral
109,GTC,V,1,1.70016,4.47484,0.1021,71.43,Tier 1 (High)
110,TGT,C,1,1.58792,3.89358,-0.0285,67.35,Tier 1 (High)
111,GTG,V,1,1.1499,2.15789,-0.4185,48.98,Neutral
112,CTG,L,0,0.37135,0.44969,0.0,0.0,Neutral
113,GCC,A,1,1.19082,2.28979,-0.3889,52.04,Neutral
114,CAT,H,1,1.75346,4.77452,0.1694,73.47,Tier 1 (High)
115,CAC,H,1,0.70412,1.02208,-0.6737,34.69,Neutral
116,TTT,F,1,0.3659,0.44181,-0.8041,5.1,Neutral
117,GGC,G,1,0.61651,0.85244,-0.7118,28.57,Neutral
118,AAA,K,1,0.86217,1.36828,-0.5959,38.78,Neutral
119,GAA,E,1,1.16796,2.21542,-0.4056,51.02,Neutral
120,TTC,F,0,0.35009,0.41919,0.0,0.0,Neutral
121,ACC,T,1,0.57932,0.78483,-0.727,25.51,Neutral
122,CCA,P,0,0.37441,0.45413,0.0,0.0,Neutral
123,CCA,P,1,2.61783,12.70592,1.9516,91.84,Tier 1 (High)
124,GTG,V,1,1.37456,2.95334,-0.2398,59.18,Tier 2 (Medium)
125,CAG,Q,0,0.3721,0.45078,0.0,0.0,Neutral
126,GCT,A,1,1.15152,2.16299,-0.4174,50.0,Neutral
127,GCC,A,1,1.11642,2.05389,-0.4419,44.9,Neutral
128,TAT,Y,1,1.20901,2.35015,-0.3753,54.08,Neutral
129,CAG,Q,1,0.52905,0.69732,-0.7467,20.41,Neutral
130,AAA,K,0,0.82928,1.29167,0.0,0.0,Neutral
131,GTG,V,1,0.34429,0.41098,-0.811,1.02,Neutral
132,GTG,V,1,0.4127,0.51089,-0.7886,14.29,Neutral
133,GCT,A,1,2.78525,15.20383,2.5128,96.94,Tier 1 (High)
134,GGT,G,1,2.56975,12.06255,1.807,89.8,Tier 1 (High)
135,GTG,V,1,0.55876,0.7485,-0.7352,23.47,Neutral
136,GCT,A,1,2.79588,15.37711,2.5518,97.96,Tier 1 (High)
137,AAT,N,1,2.70126,13.8985,2.2195,92.86,Tier 1 (High)
138,GCC,A,1,2.77244,14.99761,2.4665,95.92,Tier 1 (High)
139,CTG,L,0,0.37142,0.44979,0.0,0.0,Neutral
140,GCC,A,1,2.76352,14.85554,2.4346,94.9,Tier 1 (High)
141,CAC,H,1,0.52938,0.69789,-0.7466,21.43,Neutral
142,AAG,K,1,2.59559,12.40446,1.8838,90.82,Tier 1 (High)
143,TAT,Y,0,0.49667,0.64324,0.0,0.0,Neutral
144,CAC,H,1,0.51287,0.67008,-0.7528,19.39,Neutral
