codon_site,ref_codon,ref_aa,is_variable,predicted_log_lrt,predicted_lrt,predicted_alpha_dS,predicted_beta_pos_dN,predicted_p_pos,local_z_score,local_percentile,selection_call
1,---,?,0,0.0,0.0,0.0,0.0,0.0,0.0,0.0,Neutral
2,---,?,0,0.0,0.0,0.0,0.0,0.0,0.0,0.0,Neutral
3,---,?,0,0.0,0.0,0.0,0.0,0.0,0.0,0.0,Neutral
4,---,?,1,1.11674,2.05487,0.1,17.1542,0.7863,-0.0479,71.05,Neutral
5,---,?,0,0.0,0.0,0.0,0.0,0.0,0.0,0.0,Neutral
6,---,?,1,0.51809,0.67882,0.4003,6.8013,0.6859,-0.4826,48.68,Neutral
7,---,?,0,0.0,0.0,0.0,0.0,0.0,0.0,0.0,Neutral
8,---,?,1,0.93877,1.55683,0.0644,12.6552,0.7834,-0.2052,61.18,Neutral
9,---,?,0,0.0,0.0,0.0,0.0,0.0,0.0,0.0,Neutral
10,---,?,0,0.0,0.0,0.0,0.0,0.0,0.0,0.0,Neutral
11,---,?,1,0.95739,1.60488,0.0431,4.2534,0.7519,-0.1901,62.5,Neutral
12,---,?,0,0.0,0.0,0.0,0.0,0.0,0.0,0.0,Neutral
13,---,?,1,0.83833,1.3125,0.0476,7.2644,0.7773,-0.2824,53.29,Neutral
14,---,?,0,0.0,0.0,0.0,0.0,0.0,0.0,0.0,Neutral
15,---,?,0,0.0,0.0,0.0,0.0,0.0,0.0,0.0,Neutral
16,---,?,1,0.90666,1.47604,0.043,5.8227,0.7673,-0.2308,57.24,Neutral
17,---,?,0,0.0,0.0,0.0,0.0,0.0,0.0,0.0,Neutral
18,---,?,0,0.0,0.0,0.0,0.0,0.0,0.0,0.0,Neutral
19,---,?,0,0.0,0.0,0.0,0.0,0.0,0.0,0.0,Neutral
20,---,?,1,0.8819,1.41549,0.046,6.6013,0.7697,-0.2499,55.26,Neutral
21,---,?,1,0.85515,1.35174,0.0759,14.8726,0.7972,-0.27,54.61,Neutral
22,---,?,0,0.0,0.0,0.0,0.0,0.0,0.0,0.0,Neutral
23,---,?,1,1.46294,3.31865,0.0553,3.7632,0.7568,0.3513,79.61,Neutral
24,---,?,0,0.0,0.0,0.0,0.0,0.0,0.0,0.0,Neutral
25,---,?,1,1.16575,2.20833,0.0499,5.9906,0.7653,0.0005,73.03,Neutral
26,TTG,L,0,0.0,0.0,0.0,0.0,0.0,0.0,0.0,Neutral
27,ACA,T,0,0.0,0.0,0.0,0.0,0.0,0.0,0.0,Neutral
28,GAA,E,0,0.0,0.0,0.0,0.0,0.0,0.0,0.0,Neutral
29,GAA,E,0,0.0,0.0,0.0,0.0,0.0,0.0,0.0,Neutral
30,AAA,K,0,0.0,0.0,0.0,0.0,0.0,0.0,0.0,Neutral
31,ATA,I,0,0.0,0.0,0.0,0.0,0.0,0.0,0.0,Neutral
32,AAA,K,1,0.97006,1.63811,0.0429,3.9541,0.7497,-0.1796,63.82,Neutral
33,GCA,A,0,0.0,0.0,0.0,0.0,0.0,0.0,0.0,Neutral
34,TTA,L,0,0.0,0.0,0.0,0.0,0.0,0.0,0.0,Neutral
35,ATA,I,1,1.05054,1.8592,0.1254,20.1365,0.7682,-0.1097,68.42,Neutral
36,GAA,E,1,0.9099,1.48409,0.0711,14.6047,0.7944,-0.2282,57.89,Neutral
37,ATT,I,1,0.7133,1.04071,0.0497,5.1079,0.782,-0.3683,50.66,Neutral
38,TGT,C,0,0.0,0.0,0.0,0.0,0.0,0.0,0.0,Neutral
39,ACA,T,1,2.48317,10.97916,1.3541,7.9329,0.6629,2.771,98.68,Tier 1 (High)
40,GAA,E,1,0.06401,0.0661,8.2461,1.5492,0.1397,-0.6761,3.95,Neutral
41,ATG,M,1,0.13436,0.1438,0.3197,1.1783,0.6446,-0.6516,30.26,Neutral
42,GAG,E,0,0.0,0.0,0.0,0.0,0.0,0.0,0.0,Neutral
43,AAG,K,1,0.05559,0.05717,6.1579,1.0799,0.1016,-0.6789,1.97,Neutral
44,GAA,E,1,0.06094,0.06284,8.4202,1.3451,0.119,-0.6772,3.29,Neutral
45,GGG,G,1,0.07814,0.08127,2.9771,1.1205,0.2884,-0.6713,10.53,Neutral
46,AAA,K,0,0.0,0.0,0.0,0.0,0.0,0.0,0.0,Neutral
47,ATT,I,1,0.04847,0.04967,3.3412,0.7834,0.1911,-0.6813,0.66,Neutral
48,TCA,S,1,0.18378,0.20175,7.9898,2.5892,0.2473,-0.6333,34.87,Neutral
49,AAA,K,1,0.34415,0.41079,0.1077,0.7558,0.6664,-0.5672,46.05,Neutral
50,ATT,I,1,0.05013,0.05141,4.0207,0.8344,0.1653,-0.6808,1.32,Neutral
51,GGG,G,0,0.0,0.0,0.0,0.0,0.0,0.0,0.0,Neutral
52,CCT,P,0,0.0,0.0,0.0,0.0,0.0,0.0,0.0,Neutral
53,GAA,E,1,0.07352,0.07629,9.4353,1.5837,0.1414,-0.6729,7.24,Neutral
54,AAT,N,0,0.0,0.0,0.0,0.0,0.0,0.0,0.0,Neutral
55,CCA,P,0,0.0,0.0,0.0,0.0,0.0,0.0,0.0,Neutral
56,TAC,Y,0,0.0,0.0,0.0,0.0,0.0,0.0,0.0,Neutral
57,AAT,N,1,0.27025,0.31029,11.6804,3.6265,0.2973,-0.599,42.11,Neutral
58,ACT,T,0,0.0,0.0,0.0,0.0,0.0,0.0,0.0,Neutral
59,CCA,P,0,0.0,0.0,0.0,0.0,0.0,0.0,0.0,Neutral
60,GTA,V,1,0.09307,0.09754,7.613,1.4123,0.1102,-0.6662,19.08,Neutral
61,TTT,F,0,0.0,0.0,0.0,0.0,0.0,0.0,0.0,Neutral
62,GCC,A,1,2.58751,12.29663,0.3114,5.4528,0.7397,3.1872,99.34,Tier 1 (High)
63,ATA,I,0,0.0,0.0,0.0,0.0,0.0,0.0,0.0,Neutral
64,AAG,K,1,0.13257,0.14176,1.0555,1.1848,0.4265,-0.6522,29.61,Neutral
65,AAA,K,1,0.21756,0.24304,0.1805,0.8886,0.6521,-0.6202,37.5,Neutral
66,AAG,K,0,0.0,0.0,0.0,0.0,0.0,0.0,0.0,Neutral
67,GAC,D,1,0.15576,0.16855,8.6134,2.4842,0.2223,-0.6438,32.89,Neutral
68,AGT,S,1,1.38325,2.98785,1.0538,4.9622,0.5205,0.2468,77.63,Neutral
69,ACT,T,1,1.95301,6.04986,6.5139,10.8881,0.546,1.214,87.5,Neutral
70,AAA,K,1,0.20323,0.22536,0.1911,0.7806,0.6367,-0.6258,36.84,Neutral
71,TGG,W,0,0.0,0.0,0.0,0.0,0.0,0.0,0.0,Neutral
72,AGA,R,1,1.41388,3.11187,0.0487,1.0317,0.6938,0.286,78.95,Neutral
73,AAA,K,0,0.0,0.0,0.0,0.0,0.0,0.0,0.0,Neutral
74,TTA,L,1,0.05787,0.05958,7.1698,1.2849,0.1146,-0.6782,2.63,Neutral
75,GTA,V,1,0.09748,0.10239,7.0977,1.4358,0.1127,-0.6647,21.05,Neutral
76,GAT,D,0,0.0,0.0,0.0,0.0,0.0,0.0,0.0,Neutral
77,TTC,F,1,0.31149,0.36545,0.531,3.3444,0.597,-0.5816,45.39,Neutral
78,AGA,R,1,2.23366,8.33397,0.0561,1.8849,0.762,1.9355,92.76,Tier 2 (Medium)
79,GAA,E,1,0.06651,0.06878,8.8278,1.4523,0.1276,-0.6753,4.61,Neutral
80,CTT,L,0,0.0,0.0,0.0,0.0,0.0,0.0,0.0,Neutral
81,AAT,N,0,0.0,0.0,0.0,0.0,0.0,0.0,0.0,Neutral
82,AAG,K,0,0.0,0.0,0.0,0.0,0.0,0.0,0.0,Neutral
83,AGA,R,1,1.04698,1.84904,0.0545,6.6788,0.7661,-0.1129,67.76,Neutral
84,ACT,T,0,0.0,0.0,0.0,0.0,0.0,0.0,0.0,Neutral
85,CAA,Q,1,2.20689,8.08743,0.132,4.2016,0.7473,1.8576,91.45,Tier 2 (Medium)
86,GAC,D,0,0.0,0.0,0.0,0.0,0.0,0.0,0.0,Neutral
87,TTC,F,1,0.24133,0.27294,0.4531,2.2448,0.5918,-0.6108,40.13,Neutral
88,TGG,W,1,2.11728,7.30849,0.0724,2.2428,0.7483,1.6115,88.82,Neutral
89,GAA,E,1,0.08937,0.09348,9.7816,1.5085,0.1225,-0.6675,15.79,Neutral
90,GTT,V,1,0.4454,0.56111,1.8626,2.972,0.3242,-0.5198,48.03,Neutral
91,CAA,Q,1,2.1363,7.46801,0.1788,4.8116,0.7315,1.6619,89.47,Neutral
92,TTA,L,0,0.0,0.0,0.0,0.0,0.0,0.0,0.0,Neutral
93,GGA,G,0,0.0,0.0,0.0,0.0,0.0,0.0,0.0,Neutral
94,ATA,I,0,0.0,0.0,0.0,0.0,0.0,0.0,0.0,Neutral
95,CCA,P,0,0.0,0.0,0.0,0.0,0.0,0.0,0.0,Neutral
96,CAT,H,0,0.0,0.0,0.0,0.0,0.0,0.0,0.0,Neutral
97,CCC,P,0,0.0,0.0,0.0,0.0,0.0,0.0,0.0,Neutral
98,GCA,A,1,0.91922,1.50733,4.058,1.2914,0.141,-0.2209,58.55,Neutral
99,GGG,G,1,1.09434,1.98722,0.102,14.7974,0.7569,-0.0693,69.08,Neutral
100,TTA,L,1,0.1289,0.13757,0.7025,1.5108,0.5129,-0.6535,28.29,Neutral
101,AAA,K,1,0.27127,0.31164,0.2286,1.5285,0.6549,-0.5986,42.76,Neutral
102,AAG,K,1,0.58437,0.79387,0.363,5.547,0.6552,-0.4462,49.34,Neutral
103,AAA,K,1,0.29812,0.34733,0.4322,2.8667,0.5977,-0.5873,44.74,Neutral
104,AAA,K,1,0.76985,1.15944,0.0511,1.2631,0.6947,-0.3308,51.97,Neutral
105,TCA,S,0,0.0,0.0,0.0,0.0,0.0,0.0,0.0,Neutral
106,GTA,V,1,0.27912,0.32197,3.4472,2.4459,0.2158,-0.5953,43.42,Neutral
107,ACA,T,0,0.0,0.0,0.0,0.0,0.0,0.0,0.0,Neutral
108,GTA,V,1,0.1838,0.20177,7.647,1.1955,0.0885,-0.6333,35.53,Neutral
109,CTG,L,0,0.0,0.0,0.0,0.0,0.0,0.0,0.0,Neutral
110,GAT,D,0,0.0,0.0,0.0,0.0,0.0,0.0,0.0,Neutral
111,GTG,V,1,0.14346,0.15426,6.0299,1.1268,0.0837,-0.6483,31.58,Neutral
112,GGT,G,0,0.0,0.0,0.0,0.0,0.0,0.0,0.0,Neutral
113,GAT,D,0,0.0,0.0,0.0,0.0,0.0,0.0,0.0,Neutral
114,GCA,A,0,0.0,0.0,0.0,0.0,0.0,0.0,0.0,Neutral
115,TAT,Y,1,0.40087,0.49312,2.9507,1.5857,0.2242,-0.5412,46.71,Neutral
116,TTT,F,1,0.09548,0.10019,9.3344,1.0619,0.0798,-0.6654,19.74,Neutral
117,TCA,S,0,0.0,0.0,0.0,0.0,0.0,0.0,0.0,Neutral
118,GTT,V,1,0.26317,0.30104,1.3591,3.3699,0.4335,-0.6019,41.45,Neutral
119,CCC,P,0,0.0,0.0,0.0,0.0,0.0,0.0,0.0,Neutral
120,TTA,L,0,0.0,0.0,0.0,0.0,0.0,0.0,0.0,Neutral
121,GAT,D,1,0.07362,0.0764,1.0691,0.795,0.4086,-0.6729,7.89,Neutral
122,AAA,K,1,0.09679,0.10163,4.5057,1.4121,0.1726,-0.6649,20.39,Neutral
123,GAA,E,1,0.22204,0.24862,10.6876,3.7281,0.3372,-0.6185,38.16,Neutral
124,TTC,F,0,0.0,0.0,0.0,0.0,0.0,0.0,0.0,Neutral
125,AGG,R,0,0.0,0.0,0.0,0.0,0.0,0.0,0.0,Neutral
126,AAG,K,0,0.0,0.0,0.0,0.0,0.0,0.0,0.0,Neutral
127,TAT,Y,0,0.0,0.0,0.0,0.0,0.0,0.0,0.0,Neutral
128,ACT,T,0,0.0,0.0,0.0,0.0,0.0,0.0,0.0,Neutral
129,GCA,A,1,2.35575,9.54604,1.4333,7.6007,0.6547,2.3183,96.71,Tier 1 (High)
130,TTT,F,0,0.0,0.0,0.0,0.0,0.0,0.0,0.0,Neutral
131,ACC,T,0,0.0,0.0,0.0,0.0,0.0,0.0,0.0,Neutral
132,ATA,I,0,0.0,0.0,0.0,0.0,0.0,0.0,0.0,Neutral
133,CCT,P,0,0.0,0.0,0.0,0.0,0.0,0.0,0.0,Neutral
134,AGT,S,0,0.0,0.0,0.0,0.0,0.0,0.0,0.0,Neutral
135,ATA,I,1,1.01852,1.76911,10.4155,10.2101,0.4872,-0.1382,66.45,Neutral
136,AAC,N,0,0.0,0.0,0.0,0.0,0.0,0.0,0.0,Neutral
137,AAT,N,0,0.0,0.0,0.0,0.0,0.0,0.0,0.0,Neutral
138,GAG,E,1,0.1293,0.13803,12.5404,1.3575,0.1136,-0.6534,28.95,Neutral
139,ACA,T,1,2.35492,9.53732,1.5521,7.7712,0.6481,2.3156,96.05,Tier 1 (High)
140,CCA,P,0,0.0,0.0,0.0,0.0,0.0,0.0,0.0,Neutral
141,GGG,G,0,0.0,0.0,0.0,0.0,0.0,0.0,0.0,Neutral
142,ATT,I,1,0.07715,0.08021,5.6547,0.6769,0.1119,-0.6717,8.55,Neutral
143,AGA,R,0,0.0,0.0,0.0,0.0,0.0,0.0,0.0,Neutral
144,TAT,Y,0,0.0,0.0,0.0,0.0,0.0,0.0,0.0,Neutral
145,CAG,Q,1,0.07864,0.08182,3.6014,0.6035,0.1657,-0.6712,11.18,Neutral
146,TAY,?,0,0.0,0.0,0.0,0.0,0.0,0.0,0.0,Neutral
147,AAT,N,0,0.0,0.0,0.0,0.0,0.0,0.0,0.0,Neutral
148,GTG,V,0,0.0,0.0,0.0,0.0,0.0,0.0,0.0,Neutral
149,CTT,L,0,0.0,0.0,0.0,0.0,0.0,0.0,0.0,Neutral
150,CCA,P,0,0.0,0.0,0.0,0.0,0.0,0.0,0.0,Neutral
151,CAG,Q,1,0.08357,0.08716,2.1983,0.5871,0.233,-0.6695,13.82,Neutral
152,GGA,G,0,0.0,0.0,0.0,0.0,0.0,0.0,0.0,Neutral
153,TGG,W,0,0.0,0.0,0.0,0.0,0.0,0.0,0.0,Neutral
154,AAA,K,0,0.0,0.0,0.0,0.0,0.0,0.0,0.0,Neutral
155,GGA,G,0,0.0,0.0,0.0,0.0,0.0,0.0,0.0,Neutral
156,TCA,S,0,0.0,0.0,0.0,0.0,0.0,0.0,0.0,Neutral
157,CCA,P,1,0.10684,0.11275,11.6683,1.2061,0.1081,-0.6614,25.66,Neutral
158,TCA,S,1,2.37805,9.78388,1.0234,7.0553,0.6689,2.3935,97.37,Tier 1 (High)
159,ATA,I,0,0.0,0.0,0.0,0.0,0.0,0.0,0.0,Neutral
160,TTC,F,0,0.0,0.0,0.0,0.0,0.0,0.0,0.0,Neutral
161,CAA,Q,0,0.0,0.0,0.0,0.0,0.0,0.0,0.0,Neutral
162,AGT,S,1,2.27556,8.73336,2.5258,8.5822,0.6279,2.0616,94.08,Tier 2 (Medium)
163,AGC,S,1,1.83367,5.2568,5.4361,9.813,0.532,0.9635,84.87,Neutral
164,ATG,M,0,0.0,0.0,0.0,0.0,0.0,0.0,0.0,Neutral
165,ACA,T,1,2.2855,8.83062,2.3613,8.5489,0.6247,2.0923,94.74,Tier 2 (Medium)
166,AAA,K,1,0.28445,0.32903,0.1586,0.6083,0.6482,-0.5931,44.08,Neutral
167,ATC,I,1,0.07083,0.0734,6.7939,0.7223,0.1029,-0.6738,5.26,Neutral
168,TTA,L,0,0.0,0.0,0.0,0.0,0.0,0.0,0.0,Neutral
169,GAG,E,1,0.07786,0.08097,7.9309,0.7724,0.0948,-0.6714,9.87,Neutral
170,CCY,?,0,0.0,0.0,0.0,0.0,0.0,0.0,0.0,Neutral
171,TTT,F,1,0.08991,0.09408,8.9317,0.809,0.0905,-0.6673,17.76,Neutral
172,AGG,R,1,0.75662,1.13106,0.0613,1.9547,0.7662,-0.3397,51.32,Neutral
173,AAA,K,1,0.22717,0.25504,0.2498,0.73,0.6007,-0.6164,38.82,Neutral
174,CAA,Q,1,2.23061,8.30554,0.1512,3.8672,0.7339,1.9265,92.11,Tier 2 (Medium)
175,AAT,N,1,0.10465,0.11032,10.9082,1.0341,0.0948,-0.6622,24.34,Neutral
176,CCA,P,1,0.10342,0.10896,11.5279,1.2043,0.1083,-0.6626,23.68,Neutral
177,GAC,D,1,0.17896,0.19597,14.2447,2.1476,0.1807,-0.6351,34.21,Neutral
178,ATA,I,1,0.07145,0.07407,6.6617,0.7101,0.1059,-0.6736,5.92,Neutral
179,GTT,V,1,0.09263,0.09706,5.7466,0.7067,0.1029,-0.6663,18.42,Neutral
180,ATC,I,0,0.0,0.0,0.0,0.0,0.0,0.0,0.0,Neutral
181,TAT,Y,1,1.63014,4.1046,0.0692,4.4166,0.7575,0.5995,82.24,Neutral
182,CAA,Q,0,0.0,0.0,0.0,0.0,0.0,0.0,0.0,Neutral
183,TAC,Y,0,0.0,0.0,0.0,0.0,0.0,0.0,0.0,Neutral
184,ATG,M,1,0.10585,0.11165,1.0894,0.6043,0.3515,-0.6617,25.0,Neutral
185,GAT,D,0,0.0,0.0,0.0,0.0,0.0,0.0,0.0,Neutral
186,GAT,D,0,0.0,0.0,0.0,0.0,0.0,0.0,0.0,Neutral
187,TTG,L,0,0.0,0.0,0.0,0.0,0.0,0.0,0.0,Neutral
188,TAT,Y,1,1.88375,5.57813,0.0977,4.2834,0.749,1.065,86.18,Neutral
189,GTA,V,1,0.09893,0.10399,9.6137,0.8752,0.079,-0.6642,21.71,Neutral
190,GGA,G,1,2.15724,7.64721,2.8726,8.4205,0.6116,1.7185,90.13,Tier 2 (Medium)
191,TCT,S,0,0.0,0.0,0.0,0.0,0.0,0.0,0.0,Neutral
192,GAC,D,0,0.0,0.0,0.0,0.0,0.0,0.0,0.0,Neutral
193,TTA,L,0,0.0,0.0,0.0,0.0,0.0,0.0,0.0,Neutral
194,GAA,E,0,0.0,0.0,0.0,0.0,0.0,0.0,0.0,Neutral
195,ATA,I,1,0.07739,0.08047,9.1201,0.8868,0.0927,-0.6716,9.21,Neutral
196,GGG,G,1,0.11477,0.12162,11.3592,1.8953,0.1584,-0.6586,26.32,Neutral
197,CAG,Q,1,1.95519,6.06526,0.1158,4.6053,0.7429,1.2188,88.16,Neutral
198,CAT,H,0,0.0,0.0,0.0,0.0,0.0,0.0,0.0,Neutral
199,AGA,R,0,0.0,0.0,0.0,0.0,0.0,0.0,0.0,Neutral
200,ACA,T,1,2.35252,9.51204,1.8315,8.1084,0.6446,2.3076,95.39,Tier 1 (High)
201,AAA,K,0,0.0,0.0,0.0,0.0,0.0,0.0,0.0,Neutral
202,ATA,I,1,0.07868,0.08186,9.0433,0.8682,0.0912,-0.6711,11.84,Neutral
203,GAG,E,1,0.08105,0.08443,9.1724,0.882,0.091,-0.6703,12.5,Neutral
204,GAA,E,1,0.08459,0.08827,9.83,0.956,0.092,-0.6691,14.47,Neutral
205,CTG,L,0,0.0,0.0,0.0,0.0,0.0,0.0,0.0,Neutral
206,AGA,R,0,0.0,0.0,0.0,0.0,0.0,0.0,0.0,Neutral
207,CAA,Q,1,2.98717,18.82944,0.6803,7.5361,0.7922,5.2507,100.0,Tier 1 (High)
208,CAT,H,1,0.08949,0.09362,9.3386,0.8527,0.093,-0.6674,16.45,Neutral
209,CTG,L,0,0.0,0.0,0.0,0.0,0.0,0.0,0.0,Neutral
210,TTG,L,1,2.19615,7.9903,2.3738,8.1625,0.6206,1.8269,90.79,Tier 2 (Medium)
211,AGG,R,1,1.73432,4.66508,1.1568,4.4653,0.4588,0.7766,82.89,Neutral
212,TGG,W,0,0.0,0.0,0.0,0.0,0.0,0.0,0.0,Neutral
213,GGA,G,1,0.77381,1.16802,0.2065,7.9766,0.7124,-0.3281,52.63,Neutral
214,TTT,F,1,0.12289,0.13076,11.3712,1.3753,0.109,-0.6557,27.63,Neutral
215,ACC,T,1,2.39029,9.91667,0.8589,6.7479,0.6702,2.4354,98.03,Tier 1 (High)
216,ACA,T,0,0.0,0.0,0.0,0.0,0.0,0.0,0.0,Neutral
217,CCA,P,0,0.0,0.0,0.0,0.0,0.0,0.0,0.0,Neutral
218,GAC,D,1,0.11703,0.12415,11.3763,1.2054,0.1002,-0.6578,26.97,Neutral
219,AAA,K,1,0.13568,0.14532,0.6387,0.521,0.4356,-0.6511,30.92,Neutral
220,AAA,K,0,0.0,0.0,0.0,0.0,0.0,0.0,0.0,Neutral
221,CAT,H,1,0.08983,0.09399,9.1405,0.8305,0.0935,-0.6673,17.11,Neutral
222,CAG,Q,0,0.0,0.0,0.0,0.0,0.0,0.0,0.0,Neutral
223,AAA,K,0,0.0,0.0,0.0,0.0,0.0,0.0,0.0,Neutral
224,GAA,E,1,0.08318,0.08674,9.3897,0.8986,0.0918,-0.6696,13.16,Neutral
225,CCT,P,1,0.17859,0.19553,14.2816,1.9796,0.1807,-0.6352,33.55,Neutral
226,CCA,P,0,0.0,0.0,0.0,0.0,0.0,0.0,0.0,Neutral
227,TTC,F,0,0.0,0.0,0.0,0.0,0.0,0.0,0.0,Neutral
228,CTT,L,1,2.26404,8.62187,0.8708,6.6526,0.668,2.0264,93.42,Tier 2 (Medium)
229,TGG,W,0,0.0,0.0,0.0,0.0,0.0,0.0,0.0,Neutral
230,ATG,M,1,0.14477,0.15578,0.4404,0.6348,0.5167,-0.6478,32.24,Neutral
231,GGT,G,1,1.3943,3.03213,0.0756,8.4545,0.7624,0.2608,78.29,Neutral
232,TAT,Y,0,0.0,0.0,0.0,0.0,0.0,0.0,0.0,Neutral
233,GAA,E,1,0.08568,0.08946,9.7576,0.9374,0.092,-0.6687,15.13,Neutral
234,CTC,L,0,0.0,0.0,0.0,0.0,0.0,0.0,0.0,Neutral
235,CAT,H,0,0.0,0.0,0.0,0.0,0.0,0.0,0.0,Neutral
236,CCT,P,0,0.0,0.0,0.0,0.0,0.0,0.0,0.0,Neutral
237,GAT,D,1,0.10052,0.10574,1.2639,0.5514,0.3241,-0.6636,23.03,Neutral
238,AAA,K,1,0.41269,0.51087,0.0905,0.8351,0.712,-0.5356,47.37,Neutral
239,TGG,W,0,0.0,0.0,0.0,0.0,0.0,0.0,0.0,Neutral
240,ACA,T,0,0.0,0.0,0.0,0.0,0.0,0.0,0.0,Neutral
241,GTA,V,0,0.0,0.0,0.0,0.0,0.0,0.0,0.0,Neutral
242,CAG,Q,0,0.0,0.0,0.0,0.0,0.0,0.0,0.0,Neutral
243,CCT,P,1,0.20083,0.22241,14.795,2.1247,0.1913,-0.6268,36.18,Neutral
244,ATA,I,1,0.07178,0.07442,7.6608,0.7713,0.0989,-0.6735,6.58,Neutral
245,GAG,E,1,0.09975,0.10489,7.2796,0.8475,0.0727,-0.6639,22.37,Neutral
246,---,?,0,0.0,0.0,0.0,0.0,0.0,0.0,0.0,Neutral
247,---,?,0,0.0,0.0,0.0,0.0,0.0,0.0,0.0,Neutral
248,---,?,1,0.24679,0.27992,0.4019,1.513,0.5932,-0.6086,40.79,Neutral
249,---,?,1,0.93595,1.54963,0.0405,4.5484,0.76,-0.2075,60.53,Neutral
250,---,?,1,1.17541,2.23948,0.0541,7.0091,0.7711,0.0104,74.34,Neutral
251,---,?,1,1.83776,5.28247,0.0763,3.6651,0.7548,0.9716,85.53,Neutral
252,---,?,0,0.0,0.0,0.0,0.0,0.0,0.0,0.0,Neutral
253,---,?,1,1.91535,5.78929,0.0965,3.8898,0.7477,1.1317,86.84,Neutral
254,---,?,0,0.0,0.0,0.0,0.0,0.0,0.0,0.0,Neutral
255,---,?,0,0.0,0.0,0.0,0.0,0.0,0.0,0.0,Neutral
256,---,?,0,0.0,0.0,0.0,0.0,0.0,0.0,0.0,Neutral
257,---,?,1,1.36232,2.90525,0.0509,3.7188,0.7582,0.2207,76.32,Neutral
258,---,?,0,0.0,0.0,0.0,0.0,0.0,0.0,0.0,Neutral
259,---,?,0,0.0,0.0,0.0,0.0,0.0,0.0,0.0,Neutral
260,---,?,0,0.0,0.0,0.0,0.0,0.0,0.0,0.0,Neutral
261,---,?,1,1.20554,2.33855,0.0495,4.8249,0.7627,0.0417,75.0,Neutral
262,---,?,0,0.0,0.0,0.0,0.0,0.0,0.0,0.0,Neutral
263,---,?,0,0.0,0.0,0.0,0.0,0.0,0.0,0.0,Neutral
264,---,?,0,0.0,0.0,0.0,0.0,0.0,0.0,0.0,Neutral
265,---,?,0,0.0,0.0,0.0,0.0,0.0,0.0,0.0,Neutral
266,---,?,0,0.0,0.0,0.0,0.0,0.0,0.0,0.0,Neutral
267,---,?,0,0.0,0.0,0.0,0.0,0.0,0.0,0.0,Neutral
268,---,?,0,0.0,0.0,0.0,0.0,0.0,0.0,0.0,Neutral
269,---,?,0,0.0,0.0,0.0,0.0,0.0,0.0,0.0,Neutral
270,---,?,0,0.0,0.0,0.0,0.0,0.0,0.0,0.0,Neutral
271,---,?,0,0.0,0.0,0.0,0.0,0.0,0.0,0.0,Neutral
272,---,?,1,0.89995,1.45949,0.0761,12.9051,0.7861,-0.236,55.92,Neutral
273,---,?,0,0.0,0.0,0.0,0.0,0.0,0.0,0.0,Neutral
274,---,?,0,0.0,0.0,0.0,0.0,0.0,0.0,0.0,Neutral
275,---,?,1,0.9499,1.58544,0.0404,4.4343,0.7597,-0.1962,61.84,Neutral
276,---,?,1,0.9996,1.71718,0.0478,6.5988,0.7706,-0.1546,65.13,Neutral
277,---,?,1,0.84473,1.32735,0.0416,5.1586,0.772,-0.2777,53.95,Neutral
278,---,?,1,1.61003,4.00297,0.0661,3.8694,0.7565,0.5674,81.58,Neutral
279,---,?,0,0.0,0.0,0.0,0.0,0.0,0.0,0.0,Neutral
280,---,?,0,0.0,0.0,0.0,0.0,0.0,0.0,0.0,Neutral
281,---,?,1,0.96029,1.61246,0.0405,4.4139,0.7598,-0.1877,63.16,Neutral
282,---,?,0,0.0,0.0,0.0,0.0,0.0,0.0,0.0,Neutral
283,---,?,1,1.55217,3.72172,0.0701,5.0047,0.7595,0.4786,80.26,Neutral
284,---,?,1,0.92378,1.51879,0.0424,5.5458,0.7661,-0.2173,59.21,Neutral
285,---,?,0,0.0,0.0,0.0,0.0,0.0,0.0,0.0,Neutral
286,---,?,1,1.74226,4.71022,0.0397,1.9662,0.7717,0.7908,83.55,Neutral
287,---,?,1,0.99709,1.71038,0.0414,4.3646,0.76,-0.1567,64.47,Neutral
288,---,?,1,1.81926,5.16728,0.0832,3.8809,0.7509,0.9352,84.21,Neutral
289,---,?,0,0.0,0.0,0.0,0.0,0.0,0.0,0.0,Neutral
290,---,?,0,0.0,0.0,0.0,0.0,0.0,0.0,0.0,Neutral
291,---,?,1,0.69035,0.99441,0.0711,4.7983,0.7886,-0.3829,50.0,Neutral
292,---,?,1,1.02419,1.78483,0.047,6.0344,0.7688,-0.1332,67.11,Neutral
293,---,?,1,0.93242,1.54064,0.0439,5.8768,0.7675,-0.2104,59.87,Neutral
294,---,?,1,0.22722,0.2551,0.4711,1.2567,0.5563,-0.6164,39.47,Neutral
295,---,?,0,0.0,0.0,0.0,0.0,0.0,0.0,0.0,Neutral
296,---,?,1,1.59071,3.90724,0.0672,4.2062,0.7573,0.5372,80.92,Neutral
297,---,?,1,0.9061,1.47465,0.0417,5.5188,0.7675,-0.2312,56.58,Neutral
298,---,?,0,0.0,0.0,0.0,0.0,0.0,0.0,0.0,Neutral
299,---,?,0,0.0,0.0,0.0,0.0,0.0,0.0,0.0,Neutral
300,---,?,0,0.0,0.0,0.0,0.0,0.0,0.0,0.0,Neutral
301,---,?,1,1.3545,2.87483,0.0559,4.8072,0.7616,0.2111,75.66,Neutral
302,---,?,1,1.01234,1.75205,0.0442,5.4129,0.7666,-0.1436,65.79,Neutral
303,---,?,1,1.36432,2.91304,0.0561,4.7207,0.7613,0.2231,76.97,Neutral
304,---,?,0,0.0,0.0,0.0,0.0,0.0,0.0,0.0,Neutral
305,---,?,0,0.0,0.0,0.0,0.0,0.0,0.0,0.0,Neutral
306,---,?,0,0.0,0.0,0.0,0.0,0.0,0.0,0.0,Neutral
307,---,?,0,0.0,0.0,0.0,0.0,0.0,0.0,0.0,Neutral
308,---,?,0,0.0,0.0,0.0,0.0,0.0,0.0,0.0,Neutral
309,---,?,0,0.0,0.0,0.0,0.0,0.0,0.0,0.0,Neutral
310,---,?,0,0.0,0.0,0.0,0.0,0.0,0.0,0.0,Neutral
311,---,?,1,1.14774,2.15106,0.0455,4.2945,0.7614,-0.0175,71.71,Neutral
312,---,?,1,1.10933,2.03233,0.0456,4.8143,0.7639,-0.055,70.39,Neutral
313,---,?,0,0.0,0.0,0.0,0.0,0.0,0.0,0.0,Neutral
314,---,?,0,0.0,0.0,0.0,0.0,0.0,0.0,0.0,Neutral
315,---,?,0,0.0,0.0,0.0,0.0,0.0,0.0,0.0,Neutral
316,---,?,0,0.0,0.0,0.0,0.0,0.0,0.0,0.0,Neutral
317,---,?,0,0.0,0.0,0.0,0.0,0.0,0.0,0.0,Neutral
318,---,?,0,0.0,0.0,0.0,0.0,0.0,0.0,0.0,Neutral
319,---,?,0,0.0,0.0,0.0,0.0,0.0,0.0,0.0,Neutral
320,---,?,0,0.0,0.0,0.0,0.0,0.0,0.0,0.0,Neutral
321,---,?,0,0.0,0.0,0.0,0.0,0.0,0.0,0.0,Neutral
322,---,?,1,1.10839,2.02946,0.0464,5.1283,0.7652,-0.056,69.74,Neutral
323,---,?,0,0.0,0.0,0.0,0.0,0.0,0.0,0.0,Neutral
324,---,?,0,0.0,0.0,0.0,0.0,0.0,0.0,0.0,Neutral
325,---,?,0,0.0,0.0,0.0,0.0,0.0,0.0,0.0,Neutral
326,---,?,1,1.15531,2.175,0.0461,4.4767,0.7624,-0.01,72.37,Neutral
327,---,?,0,0.0,0.0,0.0,0.0,0.0,0.0,0.0,Neutral
328,---,?,0,0.0,0.0,0.0,0.0,0.0,0.0,0.0,Neutral
329,---,?,1,1.17043,2.22337,0.0466,4.4627,0.7623,0.0053,73.68,Neutral
330,---,?,0,0.0,0.0,0.0,0.0,0.0,0.0,0.0,Neutral
331,---,?,0,0.0,0.0,0.0,0.0,0.0,0.0,0.0,Neutral
332,---,?,0,0.0,0.0,0.0,0.0,0.0,0.0,0.0,Neutral
333,---,?,0,0.0,0.0,0.0,0.0,0.0,0.0,0.0,Neutral
334,---,?,0,0.0,0.0,0.0,0.0,0.0,0.0,0.0,Neutral
335,---,?,0,0.0,0.0,0.0,0.0,0.0,0.0,0.0,Neutral
